Title:,"Time Series, Area-Averaged of Multi-satellite precipitation estimate with gauge calibration - Final Run (recommended for general (half-hourly)"
User Start Date:,2025-05-01T00:00:00Z
User End Date:,2025-06-01T23:59:59Z
User Bounding Box:,"31.38,31.28,77.12,77.22"
Data Bounding Box:,"31.45,31.35,77.05,77.15"
URL to Reproduce Results:,"https://giovanni.gsfc.nasa.gov/giovanni/#service=ArAvTs&starttime=2025-05-01T00:00:00Z&endtime=2025-06-01T23:59:59Z&bbox=31.38,31.28,77.12,77.22&data=GPM_3IMERGHH_07_precipitation&dataKeyword=GPM_3IMERGHH%20v07&portal=GIOVANNI&format=json"
Fill Value (mean_GPM_3IMERGHH_07_precipitation):, -9999.9

time, mean_GPM_3IMERGHH_07_precipitation
2025-05-01 00:00:00,0.0304740388
2025-05-01 00:30:00,0.0297696311
2025-05-01 01:00:00,0.0329732336
2025-05-01 01:30:00,0.0313565619
2025-05-01 02:00:00,0.0323795192
2025-05-01 02:30:00,0.0349372253
2025-05-01 03:00:00,0.0348102376
2025-05-01 03:30:00,0.0320698544
2025-05-01 04:00:00,0.0318637155
2025-05-01 04:30:00,0.0284451004
2025-05-01 05:00:00,0.0266691111
2025-05-01 05:30:00,0.0259484779
2025-05-01 06:00:00,0.0227144305
2025-05-01 06:30:00,0.0223610345
2025-05-01 07:00:00,0.0213574041
2025-05-01 07:30:00,0.0235959645
2025-05-01 08:00:00,0.0268374439
2025-05-01 08:30:00,0.0301869623
2025-05-01 09:00:00,0.0314437225
2025-05-01 09:30:00,0.0351610146
2025-05-01 10:00:00,0.0379857011
2025-05-01 10:30:00,0.0425253548
2025-05-01 11:00:00,0.0443757698
2025-05-01 11:30:00,0.0542202592
2025-05-01 12:00:00,0.0580282062
2025-05-01 12:30:00,0.0611139983
2025-05-01 13:00:00,0.0692296326
2025-05-01 13:30:00,0.0695695207
2025-05-01 14:00:00,0.0733124763
2025-05-01 14:30:00,0.0690456703
2025-05-01 15:00:00,0.0727052093
2025-05-01 15:30:00,0.0716961771
2025-05-01 16:00:00,0.0664798543
2025-05-01 16:30:00,0.0629542321
2025-05-01 17:00:00,0.066852957
2025-05-01 17:30:00,0.053494405
2025-05-01 18:00:00,0.0507568717
2025-05-01 18:30:00,0.0539508574
2025-05-01 19:00:00,0.06104872
2025-05-01 19:30:00,0.0560470223
2025-05-01 20:00:00,0.0528691672
2025-05-01 20:30:00,0.0521734543
2025-05-01 21:00:00,0.0518724136
2025-05-01 21:30:00,0.0559987761
2025-05-01 22:00:00,0.0455998927
2025-05-01 22:30:00,0.0467614755
2025-05-01 23:00:00,0.0496951602
2025-05-01 23:30:00,0.0503603742
2025-05-02 00:00:00,0.0522608943
2025-05-02 00:30:00,0.0581182428
2025-05-02 01:00:00,0.0564147308
2025-05-02 01:30:00,0.0556015968
2025-05-02 02:00:00,0.0548439249
2025-05-02 02:30:00,0.0597208664
2025-05-02 03:00:00,0.0523696654
2025-05-02 03:30:00,0.0501147471
2025-05-02 04:00:00,0.0486484468
2025-05-02 04:30:00,0.0454187915
2025-05-02 05:00:00,0.0464678742
2025-05-02 05:30:00,0.0413640141
2025-05-02 06:00:00,0.0337818749
2025-05-02 06:30:00,0.0322541445
2025-05-02 07:00:00,0.0352576077
2025-05-02 07:30:00,0.0385169536
2025-05-02 08:00:00,0.0389160663
2025-05-02 08:30:00,0.0407092646
2025-05-02 09:00:00,0.0427238159
2025-05-02 09:30:00,0.0423803516
2025-05-02 10:00:00,0.0444504581
2025-05-02 10:30:00,0.0482130647
2025-05-02 11:00:00,0.0581915677
2025-05-02 11:30:00,0.0610976033
2025-05-02 12:00:00,0.0599260442
2025-05-02 12:30:00,0.0620958805
2025-05-02 13:00:00,0.0644589216
2025-05-02 13:30:00,0.0635373518
2025-05-02 14:00:00,0.0654818639
2025-05-02 14:30:00,0.0659827217
2025-05-02 15:00:00,0.0629758835
2025-05-02 15:30:00,0.0571070872
2025-05-02 16:00:00,0.0541840754
2025-05-02 16:30:00,0.0504077002
2025-05-02 17:00:00,0.049094256
2025-05-02 17:30:00,0.0452568419
2025-05-02 18:00:00,0.0437814817
2025-05-02 18:30:00,0.0420808345
2025-05-02 19:00:00,0.0428240411
2025-05-02 19:30:00,0.0409826264
2025-05-02 20:00:00,0.0466476902
2025-05-02 20:30:00,0.0431773774
2025-05-02 21:00:00,0.0427343212
2025-05-02 21:30:00,0.0400555059
2025-05-02 22:00:00,0.0461254641
2025-05-02 22:30:00,0.0481139421
2025-05-02 23:00:00,0.0527465604
2025-05-02 23:30:00,0.0593692064
2025-05-03 00:00:00,0.0642445609
2025-05-03 00:30:00,0.0694341511
2025-05-03 01:00:00,0.0762999728
2025-05-03 01:30:00,0.0747207031
2025-05-03 02:00:00,0.0760564357
2025-05-03 02:30:00,0.0749733448
2025-05-03 03:00:00,0.0784515291
2025-05-03 03:30:00,0.0790299773
2025-05-03 04:00:00,0.0817453191
2025-05-03 04:30:00,0.0800183713
2025-05-03 05:00:00,0.0797222555
2025-05-03 05:30:00,0.0742868856
2025-05-03 06:00:00,0.0715390667
2025-05-03 06:30:00,0.069161281
2025-05-03 07:00:00,0.071184136
2025-05-03 07:30:00,0.0779407397
2025-05-03 08:00:00,0.0763422996
2025-05-03 08:30:00,0.0779962838
2025-05-03 09:00:00,0.081824407
2025-05-03 09:30:00,0.0815778598
2025-05-03 10:00:00,0.085381709
2025-05-03 10:30:00,0.088480942
2025-05-03 11:00:00,0.0934482887
2025-05-03 11:30:00,0.0958523229
2025-05-03 12:00:00,0.0969036072
2025-05-03 12:30:00,0.100380354
2025-05-03 13:00:00,0.0939996466
2025-05-03 13:30:00,0.0942017362
2025-05-03 14:00:00,0.0886606723
2025-05-03 14:30:00,0.086045891
2025-05-03 15:00:00,0.084398061
2025-05-03 15:30:00,0.0815414786
2025-05-03 16:00:00,0.0801435411
2025-05-03 16:30:00,0.0763035491
2025-05-03 17:00:00,0.0781633556
2025-05-03 17:30:00,0.0753325075
2025-05-03 18:00:00,0.0744560659
2025-05-03 18:30:00,0.073706165
2025-05-03 19:00:00,0.0663229451
2025-05-03 19:30:00,0.0656957179
2025-05-03 20:00:00,0.0651233494
2025-05-03 20:30:00,0.0656391084
2025-05-03 21:00:00,0.0690588281
2025-05-03 21:30:00,0.0675712898
2025-05-03 22:00:00,0.0673851743
2025-05-03 22:30:00,0.0630754456
2025-05-03 23:00:00,0.0649162009
2025-05-03 23:30:00,0.0660089329
2025-05-04 00:00:00,0.0625508726
2025-05-04 00:30:00,0.0611351021
2025-05-04 01:00:00,0.0577591322
2025-05-04 01:30:00,0.0583662428
2025-05-04 02:00:00,0.0575226694
2025-05-04 02:30:00,0.0607165843
2025-05-04 03:00:00,0.0630955249
2025-05-04 03:30:00,0.0573627241
2025-05-04 04:00:00,0.0558554791
2025-05-04 04:30:00,0.0557438433
2025-05-04 05:00:00,0.0475938655
2025-05-04 05:30:00,0.0415001549
2025-05-04 06:00:00,0.0360668935
2025-05-04 06:30:00,0.0354179926
2025-05-04 07:00:00,0.0342063531
2025-05-04 07:30:00,0.0333851911
2025-05-04 08:00:00,0.0337573737
2025-05-04 08:30:00,0.0358456708
2025-05-04 09:00:00,0.0351161622
2025-05-04 09:30:00,0.0386651047
2025-05-04 10:00:00,0.0400228798
2025-05-04 10:30:00,0.0449116565
2025-05-04 11:00:00,0.0540812463
2025-05-04 11:30:00,0.0547128394
2025-05-04 12:00:00,0.0603094213
2025-05-04 12:30:00,0.0674447864
2025-05-04 13:00:00,0.0652674735
2025-05-04 13:30:00,0.063722901
2025-05-04 14:00:00,0.0640233979
2025-05-04 14:30:00,0.0580649003
2025-05-04 15:00:00,0.060403455
2025-05-04 15:30:00,0.057289429
2025-05-04 16:00:00,0.0554841459
2025-05-04 16:30:00,0.0620995797
2025-05-04 17:00:00,0.0621128604
2025-05-04 17:30:00,0.0631136075
2025-05-04 18:00:00,0.0630110875
2025-05-04 18:30:00,0.0658501461
2025-05-04 19:00:00,0.0571758971
2025-05-04 19:30:00,0.0631163791
2025-05-04 20:00:00,0.0606767721
2025-05-04 20:30:00,0.0546866581
2025-05-04 21:00:00,0.0539309941
2025-05-04 21:30:00,0.0545736477
2025-05-04 22:00:00,0.0550362505
2025-05-04 22:30:00,0.0507258363
2025-05-04 23:00:00,0.0491896048
2025-05-04 23:30:00,0.0475806519
2025-05-05 00:00:00,0.0470247045
2025-05-05 00:30:00,0.0484110825
2025-05-05 01:00:00,0.0479698777
2025-05-05 01:30:00,0.0471805781
2025-05-05 02:00:00,0.0484271683
2025-05-05 02:30:00,0.048725266
2025-05-05 03:00:00,0.0497876182
2025-05-05 03:30:00,0.0492553487
2025-05-05 04:00:00,0.0495249778
2025-05-05 04:30:00,0.0506583303
2025-05-05 05:00:00,0.0507583097
2025-05-05 05:30:00,0.0510975122
2025-05-05 06:00:00,0.0512848571
2025-05-05 06:30:00,0.0509422123
2025-05-05 07:00:00,0.0497208461
2025-05-05 07:30:00,0.0534880944
2025-05-05 08:00:00,0.0553881712
2025-05-05 08:30:00,0.0547816232
2025-05-05 09:00:00,0.0558319949
2025-05-05 09:30:00,0.0522854365
2025-05-05 10:00:00,0.0517387167
2025-05-05 10:30:00,0.0499647632
2025-05-05 11:00:00,0.0525982231
2025-05-05 11:30:00,0.0553929806
2025-05-05 12:00:00,0.0577734858
2025-05-05 12:30:00,0.0604416803
2025-05-05 13:00:00,0.0590739027
2025-05-05 13:30:00,0.0617559999
2025-05-05 14:00:00,0.0651561692
2025-05-05 14:30:00,0.0693457201
2025-05-05 15:00:00,0.0676423311
2025-05-05 15:30:00,0.0718392581
2025-05-05 16:00:00,0.0725485682
2025-05-05 16:30:00,0.0713995621
2025-05-05 17:00:00,0.0698229223
2025-05-05 17:30:00,0.0663711205
2025-05-05 18:00:00,0.0613868013
2025-05-05 18:30:00,0.0551675148
2025-05-05 19:00:00,0.0535548478
2025-05-05 19:30:00,0.0514524356
2025-05-05 20:00:00,0.0486033633
2025-05-05 20:30:00,0.0444284454
2025-05-05 21:00:00,0.0442894958
2025-05-05 21:30:00,0.0432420559
2025-05-05 22:00:00,0.039423231
2025-05-05 22:30:00,0.0413778871
2025-05-05 23:00:00,0.0413840935
2025-05-05 23:30:00,0.0439052582
2025-05-06 00:00:00,0.0409427285
2025-05-06 00:30:00,0.0357517861
2025-05-06 01:00:00,0.0356682129
2025-05-06 01:30:00,0.0343270749
2025-05-06 02:00:00,0.0317957699
2025-05-06 02:30:00,0.030396333
2025-05-06 03:00:00,0.0289613642
2025-05-06 03:30:00,0.0292532481
2025-05-06 04:00:00,0.0307218879
2025-05-06 04:30:00,0.0320913009
2025-05-06 05:00:00,0.0345923305
2025-05-06 05:30:00,0.0365609601
2025-05-06 06:00:00,0.0387728065
2025-05-06 06:30:00,0.0383267477
2025-05-06 07:00:00,0.0365132689
2025-05-06 07:30:00,0.0357900187
2025-05-06 08:00:00,0.0375297144
2025-05-06 08:30:00,0.0382022932
2025-05-06 09:00:00,0.0372228213
2025-05-06 09:30:00,0.0371366628
2025-05-06 10:00:00,0.0389345922
2025-05-06 10:30:00,0.041320838
2025-05-06 11:00:00,0.042117402
2025-05-06 11:30:00,0.0430051647
2025-05-06 12:00:00,0.0434942469
2025-05-06 12:30:00,0.0431054309
2025-05-06 13:00:00,0.0432388335
2025-05-06 13:30:00,0.0443520322
2025-05-06 14:00:00,0.0446608216
2025-05-06 14:30:00,0.0468055718
2025-05-06 15:00:00,0.0509680994
2025-05-06 15:30:00,0.0499909632
2025-05-06 16:00:00,0.0507576764
2025-05-06 16:30:00,0.0491307825
2025-05-06 17:00:00,0.0478197075
2025-05-06 17:30:00,0.0463201664
2025-05-06 18:00:00,0.0467604026
2025-05-06 18:30:00,0.046647016
2025-05-06 19:00:00,0.0461381972
2025-05-06 19:30:00,0.0459034778
2025-05-06 20:00:00,0.045590885
2025-05-06 20:30:00,0.0461412296
2025-05-06 21:00:00,0.047315497
2025-05-06 21:30:00,0.0484879054
2025-05-06 22:00:00,0.0476973914
2025-05-06 22:30:00,0.0466128141
2025-05-06 23:00:00,0.0449423902
2025-05-06 23:30:00,0.0454212539
2025-05-07 00:00:00,0.0428093448
2025-05-07 00:30:00,0.0408307537
2025-05-07 01:00:00,0.0403318852
2025-05-07 01:30:00,0.0396706015
2025-05-07 02:00:00,0.0369670317
2025-05-07 02:30:00,0.0357709229
2025-05-07 03:00:00,0.0360979587
2025-05-07 03:30:00,0.0351490751
2025-05-07 04:00:00,0.0364726558
2025-05-07 04:30:00,0.0361071788
2025-05-07 05:00:00,0.0344760902
2025-05-07 05:30:00,0.0321875587
2025-05-07 06:00:00,0.0332409739
2025-05-07 06:30:00,0.0324148349
2025-05-07 07:00:00,0.0330192149
2025-05-07 07:30:00,0.0344798863
2025-05-07 08:00:00,0.0343271866
2025-05-07 08:30:00,0.0343798399
2025-05-07 09:00:00,0.0348895751
2025-05-07 09:30:00,0.0342623815
2025-05-07 10:00:00,0.0333287008
2025-05-07 10:30:00,0.0363682471
2025-05-07 11:00:00,0.0403394438
2025-05-07 11:30:00,0.0454752482
2025-05-07 12:00:00,0.048928421
2025-05-07 12:30:00,0.051910609
2025-05-07 13:00:00,0.0539859645
2025-05-07 13:30:00,0.0586409494
2025-05-07 14:00:00,0.0577846132
2025-05-07 14:30:00,0.0564727262
2025-05-07 15:00:00,0.0545282364
2025-05-07 15:30:00,0.0545479208
2025-05-07 16:00:00,0.0537188463
2025-05-07 16:30:00,0.0532254688
2025-05-07 17:00:00,0.0517677777
2025-05-07 17:30:00,0.0498596169
2025-05-07 18:00:00,0.0461683832
2025-05-07 18:30:00,0.0429368652
2025-05-07 19:00:00,0.0430121273
2025-05-07 19:30:00,0.0406579599
2025-05-07 20:00:00,0.0403461978
2025-05-07 20:30:00,0.0411438495
2025-05-07 21:00:00,0.0425824933
2025-05-07 21:30:00,0.0449434258
2025-05-07 22:00:00,0.046756614
2025-05-07 22:30:00,0.0485571884
2025-05-07 23:00:00,0.0457549654
2025-05-07 23:30:00,0.0462362021
2025-05-08 00:00:00,0.0444668271
2025-05-08 00:30:00,0.0481724702
2025-05-08 01:00:00,0.0474799126
2025-05-08 01:30:00,0.0472826362
2025-05-08 02:00:00,0.0467580855
2025-05-08 02:30:00,0.0445126891
2025-05-08 03:00:00,0.0437207222
2025-05-08 03:30:00,0.0428413264
2025-05-08 04:00:00,0.0417511873
2025-05-08 04:30:00,0.0426236317
2025-05-08 05:00:00,0.0437881872
2025-05-08 05:30:00,0.046142485
2025-05-08 06:00:00,0.0479154885
2025-05-08 06:30:00,0.0461930521
2025-05-08 07:00:00,0.046449624
2025-05-08 07:30:00,0.0484663025
2025-05-08 08:00:00,0.0511950403
2025-05-08 08:30:00,0.0519010462
2025-05-08 09:00:00,0.0522534847
2025-05-08 09:30:00,0.0579422154
2025-05-08 10:00:00,0.0597356334
2025-05-08 10:30:00,0.0639486536
2025-05-08 11:00:00,0.0622836687
2025-05-08 11:30:00,0.0627678633
2025-05-08 12:00:00,0.0621088445
2025-05-08 12:30:00,0.0610763058
2025-05-08 13:00:00,0.0614961572
2025-05-08 13:30:00,0.0610920452
2025-05-08 14:00:00,0.0586879589
2025-05-08 14:30:00,0.0582439713
2025-05-08 15:00:00,0.0578424446
2025-05-08 15:30:00,0.0532187931
2025-05-08 16:00:00,0.0489369556
2025-05-08 16:30:00,0.0454154201
2025-05-08 17:00:00,0.0425711982
2025-05-08 17:30:00,0.0375811048
2025-05-08 18:00:00,0.0344803035
2025-05-08 18:30:00,0.031272687
2025-05-08 19:00:00,0.0294834804
2025-05-08 19:30:00,0.0293320287
2025-05-08 20:00:00,0.027009543
2025-05-08 20:30:00,0.0265432894
2025-05-08 21:00:00,0.0267409608
2025-05-08 21:30:00,0.0280345026
2025-05-08 22:00:00,0.0278097373
2025-05-08 22:30:00,0.0264039692
2025-05-08 23:00:00,0.0303246658
2025-05-08 23:30:00,0.0312731937
2025-05-09 00:00:00,0.0343148634
2025-05-09 00:30:00,0.0330320261
2025-05-09 01:00:00,0.0343486816
2025-05-09 01:30:00,0.0361144468
2025-05-09 02:00:00,0.035813868
2025-05-09 02:30:00,0.0358143449
2025-05-09 03:00:00,0.0355278663
2025-05-09 03:30:00,0.036595434
2025-05-09 04:00:00,0.036989592
2025-05-09 04:30:00,0.0382821485
2025-05-09 05:00:00,0.0385212004
2025-05-09 05:30:00,0.0394029729
2025-05-09 06:00:00,0.0383060649
2025-05-09 06:30:00,0.0390541255
2025-05-09 07:00:00,0.039985396
2025-05-09 07:30:00,0.0422683954
2025-05-09 08:00:00,0.0470455289
2025-05-09 08:30:00,0.0521191694
2025-05-09 09:00:00,0.0521045029
2025-05-09 09:30:00,0.0546648689
2025-05-09 10:00:00,0.0540023781
2025-05-09 10:30:00,0.0574872382
2025-05-09 11:00:00,0.0618618801
2025-05-09 11:30:00,0.0678783134
2025-05-09 12:00:00,0.0700607821
2025-05-09 12:30:00,0.0723749697
2025-05-09 13:00:00,0.0727684498
2025-05-09 13:30:00,0.0690724701
2025-05-09 14:00:00,0.0695773885
2025-05-09 14:30:00,0.0684045479
2025-05-09 15:00:00,0.0684679374
2025-05-09 15:30:00,0.0642517135
2025-05-09 16:00:00,0.0629267544
2025-05-09 16:30:00,0.0593370348
2025-05-09 17:00:00,0.0556183681
2025-05-09 17:30:00,0.0535965748
2025-05-09 18:00:00,0.0526469983
2025-05-09 18:30:00,0.050123442
2025-05-09 19:00:00,0.0483449362
2025-05-09 19:30:00,0.0442382731
2025-05-09 20:00:00,0.044289019
2025-05-09 20:30:00,0.045597773
2025-05-09 21:00:00,0.0460066423
2025-05-09 21:30:00,0.0474473238
2025-05-09 22:00:00,0.0489739962
2025-05-09 22:30:00,0.0463613719
2025-05-09 23:00:00,0.0434337854
2025-05-09 23:30:00,0.0395143665
2025-05-10 00:00:00,0.0411022231
2025-05-10 00:30:00,0.0391017236
2025-05-10 01:00:00,0.0403768197
2025-05-10 01:30:00,0.0425798409
2025-05-10 02:00:00,0.0429523401
2025-05-10 02:30:00,0.0420467779
2025-05-10 03:00:00,0.0465418622
2025-05-10 03:30:00,0.0470727645
2025-05-10 04:00:00,0.0530362315
2025-05-10 04:30:00,0.0545292981
2025-05-10 05:00:00,0.0500218049
2025-05-10 05:30:00,0.0485997312
2025-05-10 06:00:00,0.0447071977
2025-05-10 06:30:00,0.0436642431
2025-05-10 07:00:00,0.0441500992
2025-05-10 07:30:00,0.0487893187
2025-05-10 08:00:00,0.0535736717
2025-05-10 08:30:00,0.0530740619
2025-05-10 09:00:00,0.051205378
2025-05-10 09:30:00,0.0527255498
2025-05-10 10:00:00,0.054871425
2025-05-10 10:30:00,0.0619356446
2025-05-10 11:00:00,0.0630340129
2025-05-10 11:30:00,0.0642483979
2025-05-10 12:00:00,0.0664406344
2025-05-10 12:30:00,0.065926902
2025-05-10 13:00:00,0.0671657398
2025-05-10 13:30:00,0.0675747693
2025-05-10 14:00:00,0.0631994605
2025-05-10 14:30:00,0.064087607
2025-05-10 15:00:00,0.062010996
2025-05-10 15:30:00,0.0592914931
2025-05-10 16:00:00,0.059380196
2025-05-10 16:30:00,0.0541517101
2025-05-10 17:00:00,0.0524069145
2025-05-10 17:30:00,0.0508953519
2025-05-10 18:00:00,0.0495621637
2025-05-10 18:30:00,0.0483399704
2025-05-10 19:00:00,0.0496057309
2025-05-10 19:30:00,0.0472303629
2025-05-10 20:00:00,0.0473280661
2025-05-10 20:30:00,0.0446311198
2025-05-10 21:00:00,0.0434075147
2025-05-10 21:30:00,0.0438946337
2025-05-10 22:00:00,0.0417528674
2025-05-10 22:30:00,0.0415937789
2025-05-10 23:00:00,0.046212554
2025-05-10 23:30:00,0.0446543433
2025-05-11 00:00:00,0.0468742251
2025-05-11 00:30:00,0.0482951626
2025-05-11 01:00:00,0.051116325
2025-05-11 01:30:00,0.0511707552
2025-05-11 02:00:00,0.0493094586
2025-05-11 02:30:00,0.0520412363
2025-05-11 03:00:00,0.0481974371
2025-05-11 03:30:00,0.0506117046
2025-05-11 04:00:00,0.0537398867
2025-05-11 04:30:00,0.052315414
2025-05-11 05:00:00,0.0521997996
2025-05-11 05:30:00,0.0485551581
2025-05-11 06:00:00,0.043816071
2025-05-11 06:30:00,0.0431617163
2025-05-11 07:00:00,0.0408729278
2025-05-11 07:30:00,0.0435929857
2025-05-11 08:00:00,0.0451160111
2025-05-11 08:30:00,0.0508534499
2025-05-11 09:00:00,0.0562503301
2025-05-11 09:30:00,0.0636370182
2025-05-11 10:00:00,0.0660034269
2025-05-11 10:30:00,0.0729819462
2025-05-11 11:00:00,0.0815460235
2025-05-11 11:30:00,0.0817789212
2025-05-11 12:00:00,0.0784519389
2025-05-11 12:30:00,0.0794751868
2025-05-11 13:00:00,0.0806986243
2025-05-11 13:30:00,0.0768508911
2025-05-11 14:00:00,0.078316167
2025-05-11 14:30:00,0.0745085254
2025-05-11 15:00:00,0.069535099
2025-05-11 15:30:00,0.0647243485
2025-05-11 16:00:00,0.0631071255
2025-05-11 16:30:00,0.0588524267
2025-05-11 17:00:00,0.0550319292
2025-05-11 17:30:00,0.0476662889
2025-05-11 18:00:00,0.0447777882
2025-05-11 18:30:00,0.042171564
2025-05-11 19:00:00,0.0426305123
2025-05-11 19:30:00,0.0430548415
2025-05-11 20:00:00,0.0401852131
2025-05-11 20:30:00,0.0399284996
2025-05-11 21:00:00,0.03641662
2025-05-11 21:30:00,0.0375535935
2025-05-11 22:00:00,0.0391700305
2025-05-11 22:30:00,0.0400773287
2025-05-11 23:00:00,0.038555719
2025-05-11 23:30:00,0.0365452655
2025-05-12 00:00:00,0.0382271707
2025-05-12 00:30:00,0.0370514765
2025-05-12 01:00:00,0.0370733589
2025-05-12 01:30:00,0.0390659608
2025-05-12 02:00:00,0.0397975333
2025-05-12 02:30:00,0.0375157483
2025-05-12 03:00:00,0.0369614847
2025-05-12 03:30:00,0.0359166674
2025-05-12 04:00:00,0.0346630402
2025-05-12 04:30:00,0.0345200226
2025-05-12 05:00:00,0.0373644009
2025-05-12 05:30:00,0.0342754349
2025-05-12 06:00:00,0.0348941162
2025-05-12 06:30:00,0.0334335603
2025-05-12 07:00:00,0.033373408
2025-05-12 07:30:00,0.0350173377
2025-05-12 08:00:00,0.0403048843
2025-05-12 08:30:00,0.0439704321
2025-05-12 09:00:00,0.0427349992
2025-05-12 09:30:00,0.0430808291
2025-05-12 10:00:00,0.0430132486
2025-05-12 10:30:00,0.0396647491
2025-05-12 11:00:00,0.0446394421
2025-05-12 11:30:00,0.0445192233
2025-05-12 12:00:00,0.0459175743
2025-05-12 12:30:00,0.0480395108
2025-05-12 13:00:00,0.0544044785
2025-05-12 13:30:00,0.057793092
2025-05-12 14:00:00,0.0609285608
2025-05-12 14:30:00,0.0627046376
2025-05-12 15:00:00,0.0564694218
2025-05-12 15:30:00,0.0579705834
2025-05-12 16:00:00,0.0540984645
2025-05-12 16:30:00,0.0492958389
2025-05-12 17:00:00,0.0493189842
2025-05-12 17:30:00,0.0455385968
2025-05-12 18:00:00,0.0439710431
2025-05-12 18:30:00,0.0455863513
2025-05-12 19:00:00,0.0453390628
2025-05-12 19:30:00,0.0447450131
2025-05-12 20:00:00,0.0454217978
2025-05-12 20:30:00,0.0493406393
2025-05-12 21:00:00,0.0499170832
2025-05-12 21:30:00,0.0515986569
2025-05-12 22:00:00,0.0506123342
2025-05-12 22:30:00,0.0555722602
2025-05-12 23:00:00,0.0528769977
2025-05-12 23:30:00,0.0539395325
2025-05-13 00:00:00,0.0511180684
2025-05-13 00:30:00,0.0531630404
2025-05-13 01:00:00,0.0559829585
2025-05-13 01:30:00,0.0591189526
2025-05-13 02:00:00,0.0584523715
2025-05-13 02:30:00,0.0596254915
2025-05-13 03:00:00,0.0581118539
2025-05-13 03:30:00,0.057156045
2025-05-13 04:00:00,0.0570853762
2025-05-13 04:30:00,0.0539474487
2025-05-13 05:00:00,0.0533638373
2025-05-13 05:30:00,0.0523846224
2025-05-13 06:00:00,0.0488628969
2025-05-13 06:30:00,0.045592498
2025-05-13 07:00:00,0.0444720276
2025-05-13 07:30:00,0.0445979983
2025-05-13 08:00:00,0.0426876545
2025-05-13 08:30:00,0.0439665392
2025-05-13 09:00:00,0.0471591428
2025-05-13 09:30:00,0.0497962125
2025-05-13 10:00:00,0.0587952323
2025-05-13 10:30:00,0.0656366274
2025-05-13 11:00:00,0.0755942836
2025-05-13 11:30:00,0.0681009367
2025-05-13 12:00:00,0.0659675598
2025-05-13 12:30:00,0.0674719587
2025-05-13 13:00:00,0.0707160085
2025-05-13 13:30:00,0.0709066242
2025-05-13 14:00:00,0.0760145336
2025-05-13 14:30:00,0.0760933906
2025-05-13 15:00:00,0.0749556199
2025-05-13 15:30:00,0.0720887631
2025-05-13 16:00:00,0.0684733242
2025-05-13 16:30:00,0.0667525232
2025-05-13 17:00:00,0.0650141314
2025-05-13 17:30:00,0.061576426
2025-05-13 18:00:00,0.0594455265
2025-05-13 18:30:00,0.0586854294
2025-05-13 19:00:00,0.0559931137
2025-05-13 19:30:00,0.0519808494
2025-05-13 20:00:00,0.0531904548
2025-05-13 20:30:00,0.0524174049
2025-05-13 21:00:00,0.0532360151
2025-05-13 21:30:00,0.0545878895
2025-05-13 22:00:00,0.0536198728
2025-05-13 22:30:00,0.0545986742
2025-05-13 23:00:00,0.0504042096
2025-05-13 23:30:00,0.0526171811
2025-05-14 00:00:00,0.0509148724
2025-05-14 00:30:00,0.0493799224
2025-05-14 01:00:00,0.0495066866
2025-05-14 01:30:00,0.0475371778
2025-05-14 02:00:00,0.0462825894
2025-05-14 02:30:00,0.0452907793
2025-05-14 03:00:00,0.0462392271
2025-05-14 03:30:00,0.0461026654
2025-05-14 04:00:00,0.0479433984
2025-05-14 04:30:00,0.048312027
2025-05-14 05:00:00,0.0512050167
2025-05-14 05:30:00,0.0521330945
2025-05-14 06:00:00,0.0550121441
2025-05-14 06:30:00,0.055393137
2025-05-14 07:00:00,0.0562329851
2025-05-14 07:30:00,0.060067039
2025-05-14 08:00:00,0.0645945817
2025-05-14 08:30:00,0.0668466389
2025-05-14 09:00:00,0.0669601187
2025-05-14 09:30:00,0.0683356076
2025-05-14 10:00:00,0.0670465156
2025-05-14 10:30:00,0.0692222863
2025-05-14 11:00:00,0.0727778375
2025-05-14 11:30:00,0.0747444704
2025-05-14 12:00:00,0.0754917786
2025-05-14 12:30:00,0.0767694339
2025-05-14 13:00:00,0.0802842155
2025-05-14 13:30:00,0.0831802338
2025-05-14 14:00:00,0.083629325
2025-05-14 14:30:00,0.085014239
2025-05-14 15:00:00,0.0844045579
2025-05-14 15:30:00,0.0896784365
2025-05-14 16:00:00,0.0884034187
2025-05-14 16:30:00,0.0875325203
2025-05-14 17:00:00,0.0836791322
2025-05-14 17:30:00,0.0818611458
2025-05-14 18:00:00,0.0813528001
2025-05-14 18:30:00,0.07963112
2025-05-14 19:00:00,0.0772212669
2025-05-14 19:30:00,0.079250738
2025-05-14 20:00:00,0.0806390941
2025-05-14 20:30:00,0.0827726424
2025-05-14 21:00:00,0.0868575722
2025-05-14 21:30:00,0.0876024812
2025-05-14 22:00:00,0.0900649503
2025-05-14 22:30:00,0.0978625864
2025-05-14 23:00:00,0.0977525935
2025-05-14 23:30:00,0.0994171277
2025-05-15 00:00:00,0.0944257155
2025-05-15 00:30:00,0.097109735
2025-05-15 01:00:00,0.101413108
2025-05-15 01:30:00,0.100899644
2025-05-15 02:00:00,0.103068359
2025-05-15 02:30:00,0.100879058
2025-05-15 03:00:00,0.100071289
2025-05-15 03:30:00,0.0982914194
2025-05-15 04:00:00,0.0973115414
2025-05-15 04:30:00,0.0946780294
2025-05-15 05:00:00,0.0883602649
2025-05-15 05:30:00,0.0844364613
2025-05-15 06:00:00,0.0796745345
2025-05-15 06:30:00,0.0735870451
2025-05-15 07:00:00,0.0746570379
2025-05-15 07:30:00,0.0767801628
2025-05-15 08:00:00,0.0797635466
2025-05-15 08:30:00,0.0766714811
2025-05-15 09:00:00,0.0727641061
2025-05-15 09:30:00,0.075669311
2025-05-15 10:00:00,0.0797469988
2025-05-15 10:30:00,0.0854945853
2025-05-15 11:00:00,0.0792061165
2025-05-15 11:30:00,0.0784830302
2025-05-15 12:00:00,0.0802742913
2025-05-15 12:30:00,0.0783811882
2025-05-15 13:00:00,0.0770417601
2025-05-15 13:30:00,0.0787757412
2025-05-15 14:00:00,0.0776340067
2025-05-15 14:30:00,0.0785255656
2025-05-15 15:00:00,0.074562043
2025-05-15 15:30:00,0.0704384074
2025-05-15 16:00:00,0.0678961948
2025-05-15 16:30:00,0.0634843931
2025-05-15 17:00:00,0.0608639829
2025-05-15 17:30:00,0.060258694
2025-05-15 18:00:00,0.0585188754
2025-05-15 18:30:00,0.0522830486
2025-05-15 19:00:00,0.0505364239
2025-05-15 19:30:00,0.0506090075
2025-05-15 20:00:00,0.0510320961
2025-05-15 20:30:00,0.0512493514
2025-05-15 21:00:00,0.0512175895
2025-05-15 21:30:00,0.0475669727
2025-05-15 22:00:00,0.0486876331
2025-05-15 22:30:00,0.0450008921
2025-05-15 23:00:00,0.0467602015
2025-05-15 23:30:00,0.0454682782
2025-05-16 00:00:00,0.0440109894
2025-05-16 00:30:00,0.0434343405
2025-05-16 01:00:00,0.0413685553
2025-05-16 01:30:00,0.0388359986
2025-05-16 02:00:00,0.0369286127
2025-05-16 02:30:00,0.0358379297
2025-05-16 03:00:00,0.0329790115
2025-05-16 03:30:00,0.0307757221
2025-05-16 04:00:00,0.0316102318
2025-05-16 04:30:00,0.0302871056
2025-05-16 05:00:00,0.0320867822
2025-05-16 05:30:00,0.0340385623
2025-05-16 06:00:00,0.0354696624
2025-05-16 06:30:00,0.0352097526
2025-05-16 07:00:00,0.0353084989
2025-05-16 07:30:00,0.0363312364
2025-05-16 08:00:00,0.0367645249
2025-05-16 08:30:00,0.0315947756
2025-05-16 09:00:00,0.0301949382
2025-05-16 09:30:00,0.0286127217
2025-05-16 10:00:00,0.0290865544
2025-05-16 10:30:00,0.0288618747
2025-05-16 11:00:00,0.0291611999
2025-05-16 11:30:00,0.0289200582
2025-05-16 12:00:00,0.0300082453
2025-05-16 12:30:00,0.0314478762
2025-05-16 13:00:00,0.0324426442
2025-05-16 13:30:00,0.0343769044
2025-05-16 14:00:00,0.0337214582
2025-05-16 14:30:00,0.0336479284
2025-05-16 15:00:00,0.0329265445
2025-05-16 15:30:00,0.0330181941
2025-05-16 16:00:00,0.0330282114
2025-05-16 16:30:00,0.0343159735
2025-05-16 17:00:00,0.033933498
2025-05-16 17:30:00,0.0333996192
2025-05-16 18:00:00,0.0318532065
2025-05-16 18:30:00,0.033094164
2025-05-16 19:00:00,0.0335088149
2025-05-16 19:30:00,0.0363134667
2025-05-16 20:00:00,0.0371737853
2025-05-16 20:30:00,0.0363242626
2025-05-16 21:00:00,0.0377704464
2025-05-16 21:30:00,0.0388088077
2025-05-16 22:00:00,0.0406541266
2025-05-16 22:30:00,0.038801834
2025-05-16 23:00:00,0.0347067639
2025-05-16 23:30:00,0.0301004648
2025-05-17 00:00:00,0.0300637316
2025-05-17 00:30:00,0.0303207356
2025-05-17 01:00:00,0.0283889174
2025-05-17 01:30:00,0.0268520899
2025-05-17 02:00:00,0.0255789682
2025-05-17 02:30:00,0.0257210843
2025-05-17 03:00:00,0.0263106972
2025-05-17 03:30:00,0.0268340558
2025-05-17 04:00:00,0.0306246653
2025-05-17 04:30:00,0.0337842703
2025-05-17 05:00:00,0.0365110785
2025-05-17 05:30:00,0.0367741995
2025-05-17 06:00:00,0.0374800563
2025-05-17 06:30:00,0.0386275277
2025-05-17 07:00:00,0.0395540893
2025-05-17 07:30:00,0.040627256
2025-05-17 08:00:00,0.0428898782
2025-05-17 08:30:00,0.042569384
2025-05-17 09:00:00,0.0418950878
2025-05-17 09:30:00,0.0429039076
2025-05-17 10:00:00,0.0444963165
2025-05-17 10:30:00,0.0459343903
2025-05-17 11:00:00,0.0457239188
2025-05-17 11:30:00,0.0448927507
2025-05-17 12:00:00,0.0472106002
2025-05-17 12:30:00,0.0507923476
2025-05-17 13:00:00,0.0526045188
2025-05-17 13:30:00,0.0556314625
2025-05-17 14:00:00,0.058783263
2025-05-17 14:30:00,0.0628771931
2025-05-17 15:00:00,0.0651576817
2025-05-17 15:30:00,0.0724809915
2025-05-17 16:00:00,0.0742757097
2025-05-17 16:30:00,0.0747944489
2025-05-17 17:00:00,0.0741676912
2025-05-17 17:30:00,0.0710925013
2025-05-17 18:00:00,0.0707852766
2025-05-17 18:30:00,0.0751278624
2025-05-17 19:00:00,0.0783160478
2025-05-17 19:30:00,0.0771618932
2025-05-17 20:00:00,0.0840267688
2025-05-17 20:30:00,0.0854902714
2025-05-17 21:00:00,0.0871635228
2025-05-17 21:30:00,0.0852152929
2025-05-17 22:00:00,0.078305833
2025-05-17 22:30:00,0.0721113905
2025-05-17 23:00:00,0.072156556
2025-05-17 23:30:00,0.0691549331
2025-05-18 00:00:00,0.0711627677
2025-05-18 00:30:00,0.0724406913
2025-05-18 01:00:00,0.0717366934
2025-05-18 01:30:00,0.0717379823
2025-05-18 02:00:00,0.0692996457
2025-05-18 02:30:00,0.0650165305
2025-05-18 03:00:00,0.0607664175
2025-05-18 03:30:00,0.0584118441
2025-05-18 04:00:00,0.0577686578
2025-05-18 04:30:00,0.0586935878
2025-05-18 05:00:00,0.0567302778
2025-05-18 05:30:00,0.0550549664
2025-05-18 06:00:00,0.0540440194
2025-05-18 06:30:00,0.0567303263
2025-05-18 07:00:00,0.0589795709
2025-05-18 07:30:00,0.0577246398
2025-05-18 08:00:00,0.0586402267
2025-05-18 08:30:00,0.0554330721
2025-05-18 09:00:00,0.05526039
2025-05-18 09:30:00,0.0564498976
2025-05-18 10:00:00,0.0574310012
2025-05-18 10:30:00,0.0594901182
2025-05-18 11:00:00,0.0604662672
2025-05-18 11:30:00,0.0578973852
2025-05-18 12:00:00,0.0570433289
2025-05-18 12:30:00,0.0570931844
2025-05-18 13:00:00,0.0593651719
2025-05-18 13:30:00,0.057499215
2025-05-18 14:00:00,0.0624637268
2025-05-18 14:30:00,0.0639295354
2025-05-18 15:00:00,0.06547755
2025-05-18 15:30:00,0.0679833218
2025-05-18 16:00:00,0.0645356178
2025-05-18 16:30:00,0.0608083084
2025-05-18 17:00:00,0.0567272417
2025-05-18 17:30:00,0.0516048558
2025-05-18 18:00:00,0.0551846772
2025-05-18 18:30:00,0.0567331053
2025-05-18 19:00:00,0.0549745299
2025-05-18 19:30:00,0.0527282767
2025-05-18 20:00:00,0.052600354
2025-05-18 20:30:00,0.0499028824
2025-05-18 21:00:00,0.0471342057
2025-05-18 21:30:00,0.0478014126
2025-05-18 22:00:00,0.0500831865
2025-05-18 22:30:00,0.049140051
2025-05-18 23:00:00,0.0487373695
2025-05-18 23:30:00,0.0466625765
2025-05-19 00:00:00,0.0471495837
2025-05-19 00:30:00,0.0469394922
2025-05-19 01:00:00,0.046839159
2025-05-19 01:30:00,0.0486153997
2025-05-19 02:00:00,0.0482102856
2025-05-19 02:30:00,0.0493576303
2025-05-19 03:00:00,0.0493705161
2025-05-19 03:30:00,0.0481429845
2025-05-19 04:00:00,0.0473191142
2025-05-19 04:30:00,0.0465304963
2025-05-19 05:00:00,0.0459287055
2025-05-19 05:30:00,0.0443489514
2025-05-19 06:00:00,0.0452066362
2025-05-19 06:30:00,0.0450333692
2025-05-19 07:00:00,0.0459511764
2025-05-19 07:30:00,0.0475468747
2025-05-19 08:00:00,0.0481721349
2025-05-19 08:30:00,0.0513923056
2025-05-19 09:00:00,0.0500098094
2025-05-19 09:30:00,0.0529047847
2025-05-19 10:00:00,0.0558296964
2025-05-19 10:30:00,0.0579429083
2025-05-19 11:00:00,0.0558030531
2025-05-19 11:30:00,0.0570793897
2025-05-19 12:00:00,0.0573972166
2025-05-19 12:30:00,0.0576714836
2025-05-19 13:00:00,0.0569115989
2025-05-19 13:30:00,0.0566563159
2025-05-19 14:00:00,0.0579638593
2025-05-19 14:30:00,0.0566439703
2025-05-19 15:00:00,0.0583312325
2025-05-19 15:30:00,0.057662908
2025-05-19 16:00:00,0.0586358123
2025-05-19 16:30:00,0.0614978261
2025-05-19 17:00:00,0.0618399344
2025-05-19 17:30:00,0.0629758984
2025-05-19 18:00:00,0.0638884082
2025-05-19 18:30:00,0.0636696368
2025-05-19 19:00:00,0.0625528321
2025-05-19 19:30:00,0.0614999384
2025-05-19 20:00:00,0.0603764616
2025-05-19 20:30:00,0.054974284
2025-05-19 21:00:00,0.0546227358
2025-05-19 21:30:00,0.0508884564
2025-05-19 22:00:00,0.0470633544
2025-05-19 22:30:00,0.0440851934
2025-05-19 23:00:00,0.044337403
2025-05-19 23:30:00,0.0439163409
2025-05-20 00:00:00,0.045738142
2025-05-20 00:30:00,0.0453410111
2025-05-20 01:00:00,0.0454211198
2025-05-20 01:30:00,0.0445937216
2025-05-20 02:00:00,0.0455379114
2025-05-20 02:30:00,0.0464403331
2025-05-20 03:00:00,0.0451077148
2025-05-20 03:30:00,0.045790568
2025-05-20 04:00:00,0.0480472557
2025-05-20 04:30:00,0.0489256456
2025-05-20 05:00:00,0.0506519116
2025-05-20 05:30:00,0.0529101528
2025-05-20 06:00:00,0.0520033874
2025-05-20 06:30:00,0.0518733673
2025-05-20 07:00:00,0.0538711995
2025-05-20 07:30:00,0.0546932407
2025-05-20 08:00:00,0.0583446473
2025-05-20 08:30:00,0.0594451129
2025-05-20 09:00:00,0.0617917068
2025-05-20 09:30:00,0.0680133849
2025-05-20 10:00:00,0.0694940388
2025-05-20 10:30:00,0.0716031715
2025-05-20 11:00:00,0.076072365
2025-05-20 11:30:00,0.0739840046
2025-05-20 12:00:00,0.0753912106
2025-05-20 12:30:00,0.0739652663
2025-05-20 13:00:00,0.0747685656
2025-05-20 13:30:00,0.071289137
2025-05-20 14:00:00,0.0703640506
2025-05-20 14:30:00,0.0710786134
2025-05-20 15:00:00,0.0696034059
2025-05-20 15:30:00,0.0678251758
2025-05-20 16:00:00,0.0643925965
2025-05-20 16:30:00,0.0599097162
2025-05-20 17:00:00,0.0561601706
2025-05-20 17:30:00,0.0534773655
2025-05-20 18:00:00,0.0511910059
2025-05-20 18:30:00,0.0487105176
2025-05-20 19:00:00,0.0484703146
2025-05-20 19:30:00,0.0489644781
2025-05-20 20:00:00,0.051338613
2025-05-20 20:30:00,0.0514515378
2025-05-20 21:00:00,0.0509378947
2025-05-20 21:30:00,0.0510306135
2025-05-20 22:00:00,0.051822301
2025-05-20 22:30:00,0.048878707
2025-05-20 23:00:00,0.0462302156
2025-05-20 23:30:00,0.0462658927
2025-05-21 00:00:00,0.047998108
2025-05-21 00:30:00,0.0480372384
2025-05-21 01:00:00,0.0489456914
2025-05-21 01:30:00,0.0470053442
2025-05-21 02:00:00,0.0444270521
2025-05-21 02:30:00,0.0439367592
2025-05-21 03:00:00,0.0434730351
2025-05-21 03:30:00,0.0419248901
2025-05-21 04:00:00,0.0433190688
2025-05-21 04:30:00,0.0434743948
2025-05-21 05:00:00,0.0440518931
2025-05-21 05:30:00,0.0422590524
2025-05-21 06:00:00,0.0429095663
2025-05-21 06:30:00,0.0435067452
2025-05-21 07:00:00,0.0424824022
2025-05-21 07:30:00,0.0447069407
2025-05-21 08:00:00,0.047267139
2025-05-21 08:30:00,0.0497872308
2025-05-21 09:00:00,0.0568749085
2025-05-21 09:30:00,0.0596161708
2025-05-21 10:00:00,0.0631963238
2025-05-21 10:30:00,0.0585686266
2025-05-21 11:00:00,0.0568259321
2025-05-21 11:30:00,0.056219697
2025-05-21 12:00:00,0.055238802
2025-05-21 12:30:00,0.0539944582
2025-05-21 13:00:00,0.0490423478
2025-05-21 13:30:00,0.0481191017
2025-05-21 14:00:00,0.0458328724
2025-05-21 14:30:00,0.0436302871
2025-05-21 15:00:00,0.042412892
2025-05-21 15:30:00,0.0396954007
2025-05-21 16:00:00,0.0342377499
2025-05-21 16:30:00,0.0306809638
2025-05-21 17:00:00,0.0277558342
2025-05-21 17:30:00,0.0274773277
2025-05-21 18:00:00,0.0289928
2025-05-21 18:30:00,0.0289718322
2025-05-21 19:00:00,0.0295556542
2025-05-21 19:30:00,0.030984791
2025-05-21 20:00:00,0.0319246612
2025-05-21 20:30:00,0.0318275727
2025-05-21 21:00:00,0.0320060849
2025-05-21 21:30:00,0.0299646128
2025-05-21 22:00:00,0.0264459681
2025-05-21 22:30:00,0.0257950593
2025-05-21 23:00:00,0.025288837
2025-05-21 23:30:00,0.0258595031
2025-05-22 00:00:00,0.0239676069
2025-05-22 00:30:00,0.0231485087
2025-05-22 01:00:00,0.0245217867
2025-05-22 01:30:00,0.0236112624
2025-05-22 02:00:00,0.022763649
2025-05-22 02:30:00,0.0225882046
2025-05-22 03:00:00,0.021121582
2025-05-22 03:30:00,0.0201558061
2025-05-22 04:00:00,0.0210548565
2025-05-22 04:30:00,0.0201551281
2025-05-22 05:00:00,0.0196917374
2025-05-22 05:30:00,0.019823296
2025-05-22 06:00:00,0.0185222924
2025-05-22 06:30:00,0.0190845504
2025-05-22 07:00:00,0.0186540317
2025-05-22 07:30:00,0.0200729799
2025-05-22 08:00:00,0.0246969238
2025-05-22 08:30:00,0.0265110433
2025-05-22 09:00:00,0.0288423933
2025-05-22 09:30:00,0.0252812468
2025-05-22 10:00:00,0.0269959345
2025-05-22 10:30:00,0.0294577535
2025-05-22 11:00:00,0.0335049108
2025-05-22 11:30:00,0.0366608426
2025-05-22 12:00:00,0.0404216014
2025-05-22 12:30:00,0.0426917076
2025-05-22 13:00:00,0.0409624539
2025-05-22 13:30:00,0.0411919244
2025-05-22 14:00:00,0.0404903218
2025-05-22 14:30:00,0.0392043889
2025-05-22 15:00:00,0.0382383391
2025-05-22 15:30:00,0.039652776
2025-05-22 16:00:00,0.0361168236
2025-05-22 16:30:00,0.0341972783
2025-05-22 17:00:00,0.0312606171
2025-05-22 17:30:00,0.0317515507
2025-05-22 18:00:00,0.0322995186
2025-05-22 18:30:00,0.0333921202
2025-05-22 19:00:00,0.0331523865
2025-05-22 19:30:00,0.0332877152
2025-05-22 20:00:00,0.0351094157
2025-05-22 20:30:00,0.0343303978
2025-05-22 21:00:00,0.032154467
2025-05-22 21:30:00,0.0318697616
2025-05-22 22:00:00,0.0322588608
2025-05-22 22:30:00,0.0317748338
2025-05-22 23:00:00,0.0306634344
2025-05-22 23:30:00,0.0302715525
2025-05-23 00:00:00,0.0295765158
2025-05-23 00:30:00,0.0302181542
2025-05-23 01:00:00,0.03048902
2025-05-23 01:30:00,0.0307320151
2025-05-23 02:00:00,0.0308038574
2025-05-23 02:30:00,0.029944092
2025-05-23 03:00:00,0.0299890861
2025-05-23 03:30:00,0.0300457012
2025-05-23 04:00:00,0.0302091688
2025-05-23 04:30:00,0.0323948003
2025-05-23 05:00:00,0.0349000059
2025-05-23 05:30:00,0.038556423
2025-05-23 06:00:00,0.0429186262
2025-05-23 06:30:00,0.0455246456
2025-05-23 07:00:00,0.0500018299
2025-05-23 07:30:00,0.0517104119
2025-05-23 08:00:00,0.0549117327
2025-05-23 08:30:00,0.0532876626
2025-05-23 09:00:00,0.0539138205
2025-05-23 09:30:00,0.0544235036
2025-05-23 10:00:00,0.0559520535
2025-05-23 10:30:00,0.0600473769
2025-05-23 11:00:00,0.064660728
2025-05-23 11:30:00,0.0712376684
2025-05-23 12:00:00,0.0774658546
2025-05-23 12:30:00,0.0758756623
2025-05-23 13:00:00,0.0756607801
2025-05-23 13:30:00,0.0709786266
2025-05-23 14:00:00,0.0699233487
2025-05-23 14:30:00,0.0678929463
2025-05-23 15:00:00,0.0683545545
2025-05-23 15:30:00,0.0668289736
2025-05-23 16:00:00,0.0633168519
2025-05-23 16:30:00,0.0596730746
2025-05-23 17:00:00,0.0574979894
2025-05-23 17:30:00,0.0562799014
2025-05-23 18:00:00,0.053388387
2025-05-23 18:30:00,0.0508986935
2025-05-23 19:00:00,0.0478594787
2025-05-23 19:30:00,0.047838144
2025-05-23 20:00:00,0.0459705591
2025-05-23 20:30:00,0.0439746156
2025-05-23 21:00:00,0.0403874293
2025-05-23 21:30:00,0.0343266949
2025-05-23 22:00:00,0.0327099375
2025-05-23 22:30:00,0.0343854539
2025-05-23 23:00:00,0.0339338742
2025-05-23 23:30:00,0.0310129616
2025-05-24 00:00:00,0.0285676587
2025-05-24 00:30:00,0.0288815908
2025-05-24 01:00:00,0.0273842569
2025-05-24 01:30:00,0.0237583499
2025-05-24 02:00:00,0.0231598057
2025-05-24 02:30:00,0.0216520149
2025-05-24 03:00:00,0.0198781565
2025-05-24 03:30:00,0.0193397775
2025-05-24 04:00:00,0.0189511646
2025-05-24 04:30:00,0.0193340015
2025-05-24 05:00:00,0.0206592735
2025-05-24 05:30:00,0.0214460865
2025-05-24 06:00:00,0.0218037888
2025-05-24 06:30:00,0.0224096961
2025-05-24 07:00:00,0.0230217297
2025-05-24 07:30:00,0.0246895682
2025-05-24 08:00:00,0.0280687381
2025-05-24 08:30:00,0.0331155509
2025-05-24 09:00:00,0.0382152647
2025-05-24 09:30:00,0.0409850031
2025-05-24 10:00:00,0.0432983711
2025-05-24 10:30:00,0.0456161872
2025-05-24 11:00:00,0.0509141535
2025-05-24 11:30:00,0.0515411608
2025-05-24 12:00:00,0.0520957522
2025-05-24 12:30:00,0.0515703671
2025-05-24 13:00:00,0.0520090498
2025-05-24 13:30:00,0.0485999845
2025-05-24 14:00:00,0.0457800664
2025-05-24 14:30:00,0.0470070653
2025-05-24 15:00:00,0.0431373157
2025-05-24 15:30:00,0.0394202359
2025-05-24 16:00:00,0.0387766622
2025-05-24 16:30:00,0.0370022543
2025-05-24 17:00:00,0.0343773067
2025-05-24 17:30:00,0.0332841426
2025-05-24 18:00:00,0.031500034
2025-05-24 18:30:00,0.0285631381
2025-05-24 19:00:00,0.0263182074
2025-05-24 19:30:00,0.0255139116
2025-05-24 20:00:00,0.0243004449
2025-05-24 20:30:00,0.0237269998
2025-05-24 21:00:00,0.0227066372
2025-05-24 21:30:00,0.0253329631
2025-05-24 22:00:00,0.0253203604
2025-05-24 22:30:00,0.026544543
2025-05-24 23:00:00,0.0287170857
2025-05-24 23:30:00,0.0269304272
2025-05-25 00:00:00,0.029171925
2025-05-25 00:30:00,0.0273788199
2025-05-25 01:00:00,0.0231311563
2025-05-25 01:30:00,0.0229983125
2025-05-25 02:00:00,0.0225313846
2025-05-25 02:30:00,0.0208122432
2025-05-25 03:00:00,0.0192791484
2025-05-25 03:30:00,0.0189376771
2025-05-25 04:00:00,0.0185097773
2025-05-25 04:30:00,0.0184910242
2025-05-25 05:00:00,0.0174712781
2025-05-25 05:30:00,0.0176762305
2025-05-25 06:00:00,0.0183435995
2025-05-25 06:30:00,0.018375542
2025-05-25 07:00:00,0.0208494272
2025-05-25 07:30:00,0.0206019375
2025-05-25 08:00:00,0.0240911227
2025-05-25 08:30:00,0.0232636165
2025-05-25 09:00:00,0.021751238
2025-05-25 09:30:00,0.027973
2025-05-25 10:00:00,0.0309565887
2025-05-25 10:30:00,0.0325697288
2025-05-25 11:00:00,0.0393961817
2025-05-25 11:30:00,0.0407611467
2025-05-25 12:00:00,0.0421421677
2025-05-25 12:30:00,0.0464472659
2025-05-25 13:00:00,0.0486209244
2025-05-25 13:30:00,0.0481947064
2025-05-25 14:00:00,0.0498550497
2025-05-25 14:30:00,0.052771803
2025-05-25 15:00:00,0.0555700101
2025-05-25 15:30:00,0.058359798
2025-05-25 16:00:00,0.0629462749
2025-05-25 16:30:00,0.0697325617
2025-05-25 17:00:00,0.0690599531
2025-05-25 17:30:00,0.0672987923
2025-05-25 18:00:00,0.0675424263
2025-05-25 18:30:00,0.0694521889
2025-05-25 19:00:00,0.0707891956
2025-05-25 19:30:00,0.0703649893
2025-05-25 20:00:00,0.0702208653
2025-05-25 20:30:00,0.0688187554
2025-05-25 21:00:00,0.0653394684
2025-05-25 21:30:00,0.0631113425
2025-05-25 22:00:00,0.0627982616
2025-05-25 22:30:00,0.0615335442
2025-05-25 23:00:00,0.0665850267
2025-05-25 23:30:00,0.0690058917
2025-05-26 00:00:00,0.0698474348
2025-05-26 00:30:00,0.0817160979
2025-05-26 01:00:00,0.0813532397
2025-05-26 01:30:00,0.074630335
2025-05-26 02:00:00,0.0675360262
2025-05-26 02:30:00,0.0649484023
2025-05-26 03:00:00,0.0732114464
2025-05-26 03:30:00,0.068045117
2025-05-26 04:00:00,0.0650939122
2025-05-26 04:30:00,0.0635358989
2025-05-26 05:00:00,0.0673068017
2025-05-26 05:30:00,0.0730426684
2025-05-26 06:00:00,0.0745696723
2025-05-26 06:30:00,0.0761759356
2025-05-26 07:00:00,0.0777231976
2025-05-26 07:30:00,0.0810508057
2025-05-26 08:00:00,0.0880466029
2025-05-26 08:30:00,0.0916288197
2025-05-26 09:00:00,0.0916906148
2025-05-26 09:30:00,0.0922677964
2025-05-26 10:00:00,0.0951547101
2025-05-26 10:30:00,0.0972504318
2025-05-26 11:00:00,0.100866631
2025-05-26 11:30:00,0.0995729938
2025-05-26 12:00:00,0.102620535
2025-05-26 12:30:00,0.109209321
2025-05-26 13:00:00,0.114048116
2025-05-26 13:30:00,0.117970422
2025-05-26 14:00:00,0.125306398
2025-05-26 14:30:00,0.127222136
2025-05-26 15:00:00,0.132390901
2025-05-26 15:30:00,0.133741647
2025-05-26 16:00:00,0.135613069
2025-05-26 16:30:00,0.135125816
2025-05-26 17:00:00,0.136398375
2025-05-26 17:30:00,0.136743888
2025-05-26 18:00:00,0.126294151
2025-05-26 18:30:00,0.112968437
2025-05-26 19:00:00,0.102637418
2025-05-26 19:30:00,0.0991132781
2025-05-26 20:00:00,0.0943239927
2025-05-26 20:30:00,0.0892284662
2025-05-26 21:00:00,0.0875227749
2025-05-26 21:30:00,0.086313419
2025-05-26 22:00:00,0.0856544822
2025-05-26 22:30:00,0.0826598108
2025-05-26 23:00:00,0.0784797817
2025-05-26 23:30:00,0.0785882995
2025-05-27 00:00:00,0.0845910907
2025-05-27 00:30:00,0.0848378092
2025-05-27 01:00:00,0.078095533
2025-05-27 01:30:00,0.0742909685
2025-05-27 02:00:00,0.0698508322
2025-05-27 02:30:00,0.0659971908
2025-05-27 03:00:00,0.0624791905
2025-05-27 03:30:00,0.0640156642
2025-05-27 04:00:00,0.0635857731
2025-05-27 04:30:00,0.0631123856
2025-05-27 05:00:00,0.0635000467
2025-05-27 05:30:00,0.0662513897
2025-05-27 06:00:00,0.066442363
2025-05-27 06:30:00,0.0671679378
2025-05-27 07:00:00,0.0708681121
2025-05-27 07:30:00,0.0748214647
2025-05-27 08:00:00,0.0829042718
2025-05-27 08:30:00,0.0857166275
2025-05-27 09:00:00,0.0897902921
2025-05-27 09:30:00,0.0922632813
2025-05-27 10:00:00,0.0973251238
2025-05-27 10:30:00,0.104893439
2025-05-27 11:00:00,0.110081322
2025-05-27 11:30:00,0.114760138
2025-05-27 12:00:00,0.11040131
2025-05-27 12:30:00,0.109219022
2025-05-27 13:00:00,0.11018239
2025-05-27 13:30:00,0.11866574
2025-05-27 14:00:00,0.115557164
2025-05-27 14:30:00,0.124822482
2025-05-27 15:00:00,0.11665459
2025-05-27 15:30:00,0.115291834
2025-05-27 16:00:00,0.118720487
2025-05-27 16:30:00,0.11292579
2025-05-27 17:00:00,0.108979568
2025-05-27 17:30:00,0.101601459
2025-05-27 18:00:00,0.0939302146
2025-05-27 18:30:00,0.0872729123
2025-05-27 19:00:00,0.0804804265
2025-05-27 19:30:00,0.0730358884
2025-05-27 20:00:00,0.069280237
2025-05-27 20:30:00,0.0705043003
2025-05-27 21:00:00,0.0673741922
2025-05-27 21:30:00,0.0711024553
2025-05-27 22:00:00,0.0723896772
2025-05-27 22:30:00,0.075010933
2025-05-27 23:00:00,0.0750588253
2025-05-27 23:30:00,0.0761065781
2025-05-28 00:00:00,0.0738897175
2025-05-28 00:30:00,0.0684305802
2025-05-28 01:00:00,0.0672058165
2025-05-28 01:30:00,0.0667796731
2025-05-28 02:00:00,0.0622244664
2025-05-28 02:30:00,0.0601405241
2025-05-28 03:00:00,0.060142234
2025-05-28 03:30:00,0.05875149
2025-05-28 04:00:00,0.0597488061
2025-05-28 04:30:00,0.0589032136
2025-05-28 05:00:00,0.0588059016
2025-05-28 05:30:00,0.0581470095
2025-05-28 06:00:00,0.0572250299
2025-05-28 06:30:00,0.0541913435
2025-05-28 07:00:00,0.056644652
2025-05-28 07:30:00,0.0537639335
2025-05-28 08:00:00,0.0495740175
2025-05-28 08:30:00,0.0474615805
2025-05-28 09:00:00,0.0460751168
2025-05-28 09:30:00,0.0417244732
2025-05-28 10:00:00,0.0378170833
2025-05-28 10:30:00,0.0362251177
2025-05-28 11:00:00,0.0377853736
2025-05-28 11:30:00,0.0352768712
2025-05-28 12:00:00,0.0371707119
2025-05-28 12:30:00,0.0417989641
2025-05-28 13:00:00,0.0461344495
2025-05-28 13:30:00,0.0533813871
2025-05-28 14:00:00,0.0579511337
2025-05-28 14:30:00,0.0610671975
2025-05-28 15:00:00,0.0637820885
2025-05-28 15:30:00,0.0606637523
2025-05-28 16:00:00,0.0638477057
2025-05-28 16:30:00,0.0600254647
2025-05-28 17:00:00,0.0558407716
2025-05-28 17:30:00,0.0564076565
2025-05-28 18:00:00,0.0544358082
2025-05-28 18:30:00,0.0563988984
2025-05-28 19:00:00,0.05186354
2025-05-28 19:30:00,0.0501651578
2025-05-28 20:00:00,0.0488964319
2025-05-28 20:30:00,0.0466561876
2025-05-28 21:00:00,0.0456672013
2025-05-28 21:30:00,0.0421422496
2025-05-28 22:00:00,0.037455447
2025-05-28 22:30:00,0.0331672244
2025-05-28 23:00:00,0.0334498994
2025-05-28 23:30:00,0.0329488367
2025-05-29 00:00:00,0.0299814753
2025-05-29 00:30:00,0.0274483822
2025-05-29 01:00:00,0.0281279273
2025-05-29 01:30:00,0.0265779011
2025-05-29 02:00:00,0.0255320333
2025-05-29 02:30:00,0.0247843023
2025-05-29 03:00:00,0.0255047977
2025-05-29 03:30:00,0.0253379066
2025-05-29 04:00:00,0.0255601816
2025-05-29 04:30:00,0.0260853693
2025-05-29 05:00:00,0.0279893931
2025-05-29 05:30:00,0.0300742649
2025-05-29 06:00:00,0.0299999267
2025-05-29 06:30:00,0.0316849165
2025-05-29 07:00:00,0.0342498682
2025-05-29 07:30:00,0.0366465822
2025-05-29 08:00:00,0.0393569954
2025-05-29 08:30:00,0.0401437655
2025-05-29 09:00:00,0.0414571166
2025-05-29 09:30:00,0.0418689325
2025-05-29 10:00:00,0.0452514365
2025-05-29 10:30:00,0.046695143
2025-05-29 11:00:00,0.0486391038
2025-05-29 11:30:00,0.0464406312
2025-05-29 12:00:00,0.0564510562
2025-05-29 12:30:00,0.0662764609
2025-05-29 13:00:00,0.0701356456
2025-05-29 13:30:00,0.0746603981
2025-05-29 14:00:00,0.0741544217
2025-05-29 14:30:00,0.0706783012
2025-05-29 15:00:00,0.0747208595
2025-05-29 15:30:00,0.0783809796
2025-05-29 16:00:00,0.0775723457
2025-05-29 16:30:00,0.072365582
2025-05-29 17:00:00,0.0640098527
2025-05-29 17:30:00,0.0653074756
2025-05-29 18:00:00,0.0645806566
2025-05-29 18:30:00,0.0592150055
2025-05-29 19:00:00,0.0556563959
2025-05-29 19:30:00,0.052120924
2025-05-29 20:00:00,0.0518593527
2025-05-29 20:30:00,0.0498266406
2025-05-29 21:00:00,0.0505755208
2025-05-29 21:30:00,0.0547061116
2025-05-29 22:00:00,0.0551490746
2025-05-29 22:30:00,0.0574321412
2025-05-29 23:00:00,0.0591349714
2025-05-29 23:30:00,0.0612168908
2025-05-30 00:00:00,0.0614649244
2025-05-30 00:30:00,0.060911946
2025-05-30 01:00:00,0.0590244532
2025-05-30 01:30:00,0.0558151342
2025-05-30 02:00:00,0.0546707362
2025-05-30 02:30:00,0.052405145
2025-05-30 03:00:00,0.0527638979
2025-05-30 03:30:00,0.0562957935
2025-05-30 04:00:00,0.0566802919
2025-05-30 04:30:00,0.0609939285
2025-05-30 05:00:00,0.0640069619
2025-05-30 05:30:00,0.0666060448
2025-05-30 06:00:00,0.0658778325
2025-05-30 06:30:00,0.0648275465
2025-05-30 07:00:00,0.0622721575
2025-05-30 07:30:00,0.06495969
2025-05-30 08:00:00,0.0677801743
2025-05-30 08:30:00,0.0667695403
2025-05-30 09:00:00,0.0695043057
2025-05-30 09:30:00,0.0731979832
2025-05-30 10:00:00,0.0765508562
2025-05-30 10:30:00,0.080587633
2025-05-30 11:00:00,0.0846108794
2025-05-30 11:30:00,0.0903647169
2025-05-30 12:00:00,0.0894079432
2025-05-30 12:30:00,0.0886868984
2025-05-30 13:00:00,0.0890839472
2025-05-30 13:30:00,0.0921517015
2025-05-30 14:00:00,0.0947308764
2025-05-30 14:30:00,0.0937214866
2025-05-30 15:00:00,0.101034269
2025-05-30 15:30:00,0.103128597
2025-05-30 16:00:00,0.101322532
2025-05-30 16:30:00,0.0923656151
2025-05-30 17:00:00,0.0912854522
2025-05-30 17:30:00,0.0854235142
2025-05-30 18:00:00,0.0811069384
2025-05-30 18:30:00,0.0802418739
2025-05-30 19:00:00,0.0801088884
2025-05-30 19:30:00,0.0786348656
2025-05-30 20:00:00,0.0750545412
2025-05-30 20:30:00,0.0678640157
2025-05-30 21:00:00,0.0680677369
2025-05-30 21:30:00,0.0677977204
2025-05-30 22:00:00,0.0674113408
2025-05-30 22:30:00,0.0692137256
2025-05-30 23:00:00,0.07130941
2025-05-30 23:30:00,0.0706564412
2025-05-31 00:00:00,0.0715181008
2025-05-31 00:30:00,0.0689644888
2025-05-31 01:00:00,0.0703888088
2025-05-31 01:30:00,0.0734470785
2025-05-31 02:00:00,0.0725002736
2025-05-31 02:30:00,0.0721198246
2025-05-31 03:00:00,0.076883778
2025-05-31 03:30:00,0.0749242008
2025-05-31 04:00:00,0.0776075721
2025-05-31 04:30:00,0.0750232562
2025-05-31 05:00:00,0.0797640905
2025-05-31 05:30:00,0.0778751597
2025-05-31 06:00:00,0.0714371428
2025-05-31 06:30:00,0.0679643303
2025-05-31 07:00:00,0.0685980245
2025-05-31 07:30:00,0.0699428171
2025-05-31 08:00:00,0.0710086748
2025-05-31 08:30:00,0.0702949017
2025-05-31 09:00:00,0.0706978217
2025-05-31 09:30:00,0.0747956336
2025-05-31 10:00:00,0.0773731768
2025-05-31 10:30:00,0.0784593821
2025-05-31 11:00:00,0.0838400945
2025-05-31 11:30:00,0.0920469388
2025-05-31 12:00:00,0.0950485095
2025-05-31 12:30:00,0.102348529
2025-05-31 13:00:00,0.11333257
2025-05-31 13:30:00,0.115923226
2025-05-31 14:00:00,0.118885092
2025-05-31 14:30:00,0.121734679
2025-05-31 15:00:00,0.128548101
2025-05-31 15:30:00,0.123967625
2025-05-31 16:00:00,0.113096848
2025-05-31 16:30:00,0.103925049
2025-05-31 17:00:00,0.0951940939
2025-05-31 17:30:00,0.084841162
2025-05-31 18:00:00,0.0854585767
2025-05-31 18:30:00,0.0828107446
2025-05-31 19:00:00,0.0781856701
2025-05-31 19:30:00,0.073545754
2025-05-31 20:00:00,0.0738310814
2025-05-31 20:30:00,0.075278461
2025-05-31 21:00:00,0.0786484033
2025-05-31 21:30:00,0.0732209533
2025-05-31 22:00:00,0.072542958
2025-05-31 22:30:00,0.0654689521
2025-05-31 23:00:00,0.0668634176
2025-05-31 23:30:00,0.0602838583
2025-06-01 00:00:00,0.0389479287
2025-06-01 00:30:00,0.0363402776
2025-06-01 01:00:00,0.0346848071
2025-06-01 01:30:00,0.0353030562
2025-06-01 02:00:00,0.0332860686
2025-06-01 02:30:00,0.0328022465
2025-06-01 03:00:00,0.0330548212
2025-06-01 03:30:00,0.0318115093
2025-06-01 04:00:00,0.0328420848
2025-06-01 04:30:00,0.0325084813
2025-06-01 05:00:00,0.0335023291
2025-06-01 05:30:00,0.0341826789
2025-06-01 06:00:00,0.0338723771
2025-06-01 06:30:00,0.0331959166
2025-06-01 07:00:00,0.0354869403
2025-06-01 07:30:00,0.0389776379
2025-06-01 08:00:00,0.0449342951
2025-06-01 08:30:00,0.0499168672
2025-06-01 09:00:00,0.0575140715
2025-06-01 09:30:00,0.0649467334
2025-06-01 10:00:00,0.0709925592
2025-06-01 10:30:00,0.077597864
2025-06-01 11:00:00,0.0845539048
2025-06-01 11:30:00,0.0922769457
2025-06-01 12:00:00,0.0951700062
2025-06-01 12:30:00,0.0971993282
2025-06-01 13:00:00,0.0952719003
2025-06-01 13:30:00,0.0937126726
2025-06-01 14:00:00,0.091160804
2025-06-01 14:30:00,0.0916136354
2025-06-01 15:00:00,0.0927602053
2025-06-01 15:30:00,0.0924902707
2025-06-01 16:00:00,0.0905811414
2025-06-01 16:30:00,0.0874787197
2025-06-01 17:00:00,0.0812369809
2025-06-01 17:30:00,0.076876238
2025-06-01 18:00:00,0.0724545494
2025-06-01 18:30:00,0.0683352947
2025-06-01 19:00:00,0.0667978227
2025-06-01 19:30:00,0.0638369769
2025-06-01 20:00:00,0.0602204688
2025-06-01 20:30:00,0.0574034974
2025-06-01 21:00:00,0.0554836988
2025-06-01 21:30:00,0.0560346358
2025-06-01 22:00:00,0.056638401
2025-06-01 22:30:00,0.0564907156
2025-06-01 23:00:00,0.0555060841
2025-06-01 23:30:00,0.0551922396
